NO_LOG,DT_LOG,CD_TYPE_STP,TX_TRAME_STP,BL_PROCESSED,NB_ATTEMPT
686695,2025-04-15 09:50:40.44,STP - SEND,"<?xml version=""1.0"" encoding=""UTF-8"" standalone=""yes""?>/n<ESPMDEAL xmlns=""http://calyon.com.eaidotc/espmDeal"">/n    <header>/n        <operation>UPDATE</operation>/n        <version-id>4</version-id>/n        <identifier>AE9411</identifier>/n        <type>DEAL</type>/n    </header>/n    <body>/n        <e-deal>/n            <isin-code>FR4CIBFS2056</isin-code>/n            <bond-class>Bond</bond-class>/n            <bond-type>EMTN</bond-type>/n            <bond-family-type>Autocall</bond-family-type>/n            <issue-date>20250530</issue-date>/n            <dated-date>20250530</dated-date>/n            <maturity-date>20350530</maturity-date>/n            <issuer>0000248394</issuer>/n            <issuer-code>RTS</issuer-code>/n            <paying-agent>0000015295</paying-agent>/n            <paying-agent-code>RTS</paying-agent-code>/n            <issue-price>100.0</issue-price>/n            <currency>EUR</currency>/n            <redemption-price>100.0</redemption-price>/n            <redemption-currency>EUR</redemption-currency>/n            <total-issued>3.0E7</total-issued>/n            <face-value>1000.0</face-value>/n            <amortizable>false</amortizable>/n            <group>EXOT</group>/n            <coupon>/n                <daycount>30/360</daycount>/n                <currency>EUR</currency>/n                <reset-holidays>/n                    <calendar>EUTAR</calendar>/n                </reset-holidays>/n                <holidays>/n                    <calendar>EUTAR</calendar>/n                </holidays>/n                <payment-rule>UNADJUSTED</payment-rule>/n                <frequency>Annually</frequency>/n                <method>ISDA</method>/n                <date-roll>MOD_FOLLOW</date-roll>/n                <coupon-digits>7</coupon-digits>/n                <use-in-stubs>false</use-in-stubs>/n                <fixing>PRE</fixing>/n            </coupon>/n        </e-deal>/n    </body>/n</ESPMDEAL>/n/n",true,1
686696,2025-04-15 09:50:41.43,STP - SEND,"<?xml version=""1.0"" encoding=""UTF-8"" standalone=""yes""?>/n<ESPM xmlns=""http://calyon.com.eaidotc/espm"">/n    <header>/n        <operation>UPDATE</operation>/n        <version-id>4</version-id>/n        <identifier>AE9411#01</identifier>/n        <type>TRANCHE</type>/n    </header>/n    <body>/n        <e-tranche>/n            <bond-type>EMTN</bond-type>/n            <counterparty>0000201294</counterparty>/n            <counterparty-code>INTERNE</counterparty-code>/n            <book>9124</book>/n            <isin-code>FR4CIBFS2056</isin-code>/n            <market-type>PRIM</market-type>/n            <sens>other</sens>/n            <settle-date>20250530</settle-date>/n            <dirty-price>100.0</dirty-price>/n            <quantity>2.6E7</quantity>/n            <trade-amount>2.6E7</trade-amount>/n            <settle-currency>EUR</settle-currency>/n            <trader>ut3egy</trader>/n            <sales>Pour Portage</sales>/n            <market-place>Paris</market-place>/n            <trade-date>20250324</trade-date>/n            <trade-hour/>/n            <comment> </comment>/n            <settlement-account>Clearstream - 70496</settlement-account>/n        </e-tranche>/n    </body>/n</ESPM>/n/n",true,1
686697,2025-04-15 09:50:41.836,STP - SEND,"<?xml version=""1.0"" encoding=""UTF-8"" standalone=""yes""?>/n<ESPM xmlns=""http://calyon.com.eaidotc/espm"">/n    <header>/n        <operation>UPDATE</operation>/n        <version-id>3</version-id>/n        <identifier>AE9411#02</identifier>/n        <type>TRANCHE</type>/n    </header>/n    <body>/n        <e-tranche>/n            <bond-type>EMTN</bond-type>/n            <counterparty>0000006520</counterparty>/n            <counterparty-code>RTS</counterparty-code>/n            <book>9124</book>/n            <isin-code>FR4CIBFS2056</isin-code>/n            <market-type>PRIM</market-type>/n            <sens>other</sens>/n            <settle-date>20250530</settle-date>/n            <dirty-price>100.0</dirty-price>/n            <quantity>4000000.0</quantity>/n            <trade-amount>4000000.0</trade-amount>/n            <settle-currency>EUR</settle-currency>/n            <trader>ut3egy</trader>/n            <sales>LOCCHI Alexandra</sales>/n            <market-place>Paris</market-place>/n            <trade-date>20250324</trade-date>/n            <trade-hour/>/n            <comment> </comment>/n            <settlement-account>RGV - 53</settlement-account>/n        </e-tranche>/n    </body>/n</ESPM>/n/n",true,1
686698,2025-04-15 09:50:48.513,STP - RECEIVE,"<ns0:ESPMACK xmlns:ns0=""http://calyon.com.eaidotc/espmack""><ns0:espm-id>AE9411</ns0:espm-id><ns0:espm-version>3</ns0:espm-version><ns0:id-eai>1102945150</ns0:id-eai><ns0:id-back>60409060</ns0:id-back><ns0:status>INTEGRE</ns0:status><ns0:status-code></ns0:status-code></ns0:ESPMACK>",true,1
686699,2025-04-15 09:50:53.846,STP - RECEIVE,"<ns0:ESPMACK xmlns:ns0=""http://calyon.com.eaidotc/espmack""><ns0:espm-id>AE9411</ns0:espm-id><ns0:espm-version>4</ns0:espm-version><ns0:id-eai>1102984947</ns0:id-eai><ns0:id-back>60409060</ns0:id-back><ns0:status>INTEGRE</ns0:status><ns0:status-code></ns0:status-code></ns0:ESPMACK>",true,1
686700,2025-04-15 09:51:01.253,STP - RECEIVE,"<ns0:ESPMACK xmlns:ns0=""http://calyon.com.eaidotc/espmack""><ns0:espm-id>AE9411#01</ns0:espm-id><ns0:espm-version>4</ns0:espm-version><ns0:id-eai>1102984955</ns0:id-eai><ns0:id-back>45801236</ns0:id-back><ns0:status>INTEGRE</ns0:status><ns0:status-code></ns0:status-code></ns0:ESPMACK>",true,1
686701,2025-04-15 09:51:01.67,STP - RECEIVE,"<ns0:ESPMACK xmlns:ns0=""http://calyon.com.eaidotc/espmack""><ns0:espm-id>AE9411#02</ns0:espm-id><ns0:espm-version>3</ns0:espm-version><ns0:id-eai>1102984962</ns0:id-eai><ns0:id-back>45801238</ns0:id-back><ns0:status>INTEGRE</ns0:status><ns0:status-code></ns0:status-code></ns0:ESPMACK>",true,1
686702,2025-04-15 10:27:01.053,STP - SEND,"<?xml version=""1.0"" encoding=""UTF-8"" standalone=""yes""?>/n<ESPM xmlns=""http://calyon.com.eaidotc/espm"">/n    <header>/n        <operation>UPDATE</operation>/n        <version-id>1</version-id>/n        <identifier>AE9340#02</identifier>/n        <type>TRANCHE</type>/n    </header>/n    <body>/n        <e-tranche>/n            <bond-type>EMTN</bond-type>/n            <counterparty>0000006627</counterparty>/n            <counterparty-code>RTS</counterparty-code>/n            <book>9124</book>/n            <isin-code>FR4CIBFS1991</isin-code>/n            <market-type>PRIM</market-type>/n            <sens>other</sens>/n            <settle-date>20250515</settle-date>/n            <dirty-price>100.0</dirty-price>/n            <quantity>100000.0</quantity>/n            <trade-amount>100000.0</trade-amount>/n            <settle-currency>EUR</settle-currency>/n            <trader>ut3egy</trader>/n            <sales>LOCCHI Alexandra</sales>/n            <market-place>Paris</market-place>/n            <trade-date>20250320</trade-date>/n            <trade-hour/>/n            <comment> </comment>/n            <settlement-account>RGV - 53</settlement-account>/n        </e-tranche>/n    </body>/n</ESPM>/n/n",true,1
686703,2025-04-15 10:27:16.313,STP - RECEIVE,"<ns0:ESPMACK xmlns:ns0=""http://calyon.com.eaidotc/espmack""><ns0:espm-id>AE9340#02</ns0:espm-id><ns0:espm-version>1</ns0:espm-version><ns0:id-eai>1102985109</ns0:id-eai><ns0:id-back>45967986</ns0:id-back><ns0:status>INTEGRE</ns0:status><ns0:status-code></ns0:status-code></ns0:ESPMACK>",true,1
686704,2025-04-15 12:11:40.53,STP - SEND,"<?xml version=""1.0"" encoding=""UTF-8"" standalone=""yes""?>/n<ESPMDEAL xmlns=""http://calyon.com.eaidotc/espmDeal"">/n    <header>/n        <operation>CREATE</operation>/n        <version-id>0</version-id>/n        <identifier>AE9769</identifier>/n        <type>DEAL</type>/n    </header>/n    <body>/n        <e-deal>/n            <isin-code>XS2387178416</isin-code>/n            <bond-class>Bond</bond-class>/n            <bond-type>EMTN</bond-type>/n            <bond-family-type>Range Accrual</bond-family-type>/n            <issue-date>20250429</issue-date>/n            <dated-date>20250429</dated-date>/n            <maturity-date>20350429</maturity-date>/n            <issuer>0000328638</issuer>/n            <issuer-code>RTS</issuer-code>/n            <paying-agent>0000040438</paying-agent>/n            <paying-agent-code>RTS</paying-agent-code>/n            <issue-price>100.0</issue-price>/n            <currency>AUD</currency>/n            <redemption-price>100.0</redemption-price>/n            <redemption-currency>AUD</redemption-currency>/n            <total-issued>2500000.0</total-issued>/n            <face-value>50000.0</face-value>/n            <amortizable>false</amortizable>/n            <group>EXOT</group>/n            <coupon>/n                <daycount>30/360</daycount>/n                <currency>AUD</currency>/n                <reset-holidays>/n                    <calendar>USNYO</calendar>/n                    <calendar>SGSIN</calendar>/n                </reset-holidays>/n                <holidays>/n                    <calendar>AUSYD</calendar>/n                    <calendar>USNYO</calendar>/n                </holidays>/n                <payment-rule>UNADJUSTED</payment-rule>/n                <frequency>Quarterly</frequency>/n                <method>ISDA</method>/n                <date-roll>MOD_FOLLOW</date-roll>/n                <coupon-digits>7</coupon-digits>/n                <use-in-stubs>false</use-in-stubs>/n                <fixing>PRE</fixing>/n            </coupon>/n        </e-deal>/n    </body>/n</ESPMDEAL>/n/n",true,1
686705,2025-04-15 12:11:41.603,STP - SEND,"<?xml version=""1.0"" encoding=""UTF-8"" standalone=""yes""?>/n<ESPM xmlns=""http://calyon.com.eaidotc/espm"">/n    <header>/n        <operation>CREATE</operation>/n        <version-id>0</version-id>/n        <identifier>AE9769#01</identifier>/n        <type>TRANCHE</type>/n    </header>/n    <body>/n        <e-tranche>/n            <bond-type>EMTN</bond-type>/n            <counterparty>0000030644</counterparty>/n            <counterparty-code>RTS</counterparty-code>/n            <book>9124</book>/n            <isin-code>XS2387178416</isin-code>/n            <market-type>PRIM</market-type>/n            <sens>other</sens>/n            <settle-date>20250429</settle-date>/n            <dirty-price>97.0</dirty-price>/n            <quantity>2500000.0</quantity>/n            <trade-amount>2425000.0</trade-amount>/n            <settle-currency>AUD</settle-currency>/n            <trader>ut18hy</trader>/n            <sales>Arnaud GAUTHEY</sales>/n            <market-place>Paris</market-place>/n            <trade-date>20250415</trade-date>/n            <trade-hour/>/n            <comment> </comment>/n            <settlement-account>Clearstream - 32664</settlement-account>/n        </e-tranche>/n    </body>/n</ESPM>/n/n",true,1
686706,2025-04-15 12:11:51.11,STP - RECEIVE,"<ns0:ESPMACK xmlns:ns0=""http://calyon.com.eaidotc/espmack""><ns0:espm-id>AE9769#01</ns0:espm-id><ns0:espm-version>0</ns0:espm-version><ns0:id-eai>1102986548</ns0:id-eai><ns0:id-back></ns0:id-back><ns0:status>PROCESSING</ns0:status><ns0:status-code>[ 617 ]</ns0:status-code></ns0:ESPMACK>",true,1
686707,2025-04-15 12:11:55.583,STP - RECEIVE,"<ns0:ESPMACK xmlns:ns0=""http://calyon.com.eaidotc/espmack""><ns0:espm-id>AE9769</ns0:espm-id><ns0:espm-version>0</ns0:espm-version><ns0:id-eai>1102986539</ns0:id-eai><ns0:id-back>60797608</ns0:id-back><ns0:status>INTEGRE</ns0:status><ns0:status-code></ns0:status-code></ns0:ESPMACK>",true,1
686708,2025-04-15 12:12:09.033,STP - RECEIVE,"<ns0:ESPMACK xmlns:ns0=""http://calyon.com.eaidotc/espmack""><ns0:espm-id>AE9769#01</ns0:espm-id><ns0:espm-version>0</ns0:espm-version><ns0:id-eai>1102986556</ns0:id-eai><ns0:id-back>46036798</ns0:id-back><ns0:status>INTEGRE</ns0:status><ns0:status-code></ns0:status-code></ns0:ESPMACK>",true,1
686709,2025-04-15 12:17:40.393,STP - SEND,"<?xml version=""1.0"" encoding=""UTF-8""?>/n<treasuryMessage feederSystem=""ESPM"" messageType=""TRADE"" targetSystem=""BLOFI"">/n    <trade>/n        <header>/n            <operation>/n                <action>UPDATE</action>/n                <specificEvent>true</specificEvent>/n                <operationStatus>VALID</operationStatus>/n                <actionDetail>PARTIAL_TERMINATION</actionDetail>/n            </operation>/n            <downloadKey>AE9205.0</downloadKey>/n            <tradeId>8207266</tradeId>/n            <mocaId>12419953</mocaId>/n            <externalTradeId>AE9205</externalTradeId>/n            <externalSystem>ESPM</externalSystem>/n            <user>/n                <shortName>LEON_ARIAS</shortName>/n                <id>ut3s5k</id>/n            </user>/n            <book>/n                <shortName>K4</shortName>/n            </book>/n            <customer>/n                <shortName>CFSFRPP2PAR</shortName>/n                <referenceBase>DIG</referenceBase>/n            </customer>/n            <tradeDate>2025-03-18</tradeDate>/n            <modificationDate>2025-04-15</modificationDate>/n            <captureDate>2025-04-15</captureDate>/n            <underlying>/n                <type>EMTN</type>/n                <isin>FR4CIBFS1769</isin>/n                <structureType>Complex</structureType>/n                <geographicAreas>EuropeOther</geographicAreas>/n                <investorType>Bank</investorType>/n            </underlying>/n            <launchDate>2025-03-18</launchDate>/n            <additionData>/n                <bondsCurrency>EUR</bondsCurrency>/n                <primaryAmount>3.0E7</primaryAmount>/n                <infinityId>40899749</infinityId>/n                <structure>Autocall Exotic</structure>/n                <cancellationOType>Auto Callable</cancellationOType>/n            </additionData>/n        </header>/n        <product>/n            <termDeposit type=""DEPOSIT"">/n                <instrumentType>LOAN_DEPOSIT</instrumentType>/n                <valueDate>2025-04-15</valueDate>/n                <maturityDate>2035-04-16</maturityDate>/n                <initialDate>2025-04-15</initialDate>/n                <finalMaturityDate>2035-04-16</finalMaturityDate>/n                <basis>DCF_ACT_360</basis>/n                <principal>/n                    <amount>30000000.00</amount>/n                    <currency>EUR</currency>/n                </principal>/n                <remaining>/n                    <amount>30000000.00</amount>/n                    <currency>EUR</currency>/n                </remaining>/n                <rateInfo>/n                    <index>EIBOR</index>/n                    <term>TERM_3M</term>/n                    <spread>99.22000</spread>/n                    <brokenPeriod/>/n                    <calendar>/n                        <cityShortName>TGT</cityShortName>/n                    </calendar>/n                </rateInfo>/n                <payment>/n                    <calendar>/n                        <cityShortName>TGT</cityShortName>/n                    </calendar>/n                    <calculation>/n                        <rollConvention>MODIFIED_FOLLOWING</rollConvention>/n                        <adjusted>true</adjusted>/n                        <frequency>QUATERLY</frequency>/n                        <paymentDay>15</paymentDay>/n                    </calculation>/n                </payment>/n                <termination>/n                    <terminationDate>2025-04-15</terminationDate>/n                    <partialTerminationAmount>/n                        <amount>28880000.00</amount>/n                        <currency>EUR</currency>/n                    </partialTerminationAmount>/n                    <fee>/n                        <amount>0.00</amount>/n                        <currency>EUR</currency>/n                    </fee>/n                    <motive>CLIENT_REQUEST</motive>/n                </termination>/n                <callable>/n                    <frequency>QUATERLY</frequency>/n                    <firstCallDate>2026-04-15</firstCallDate>/n                </callable>/n                <initialDuration>8.11</initialDuration>/n            </termDeposit>/n        </product>/n    </trade>/n</treasuryMessage>/n",true,1
686710,2025-04-15 12:17:40.8,STP - SEND,"<?xml version=""1.0"" encoding=""UTF-8"" standalone=""yes""?>/n<ESPMDEAL xmlns=""http://calyon.com.eaidotc/espmDeal"">/n    <header>/n        <operation>UPDATE</operation>/n        <version-id>4</version-id>/n        <identifier>AE9205</identifier>/n        <type>DEAL</type>/n    </header>/n    <body>/n        <e-deal>/n            <isin-code>FR4CIBFS1769</isin-code>/n            <bond-class>Bond</bond-class>/n            <bond-type>EMTN</bond-type>/n            <bond-family-type>Autocall</bond-family-type>/n            <issue-date>20250415</issue-date>/n            <dated-date>20250415</dated-date>/n            <maturity-date>20350416</maturity-date>/n            <issuer>0000248394</issuer>/n            <issuer-code>RTS</issuer-code>/n            <paying-agent>0000015295</paying-agent>/n            <paying-agent-code>RTS</paying-agent-code>/n            <issue-price>100.0</issue-price>/n            <currency>EUR</currency>/n            <redemption-price>100.0</redemption-price>/n            <redemption-currency>EUR</redemption-currency>/n            <total-issued>3.0E7</total-issued>/n            <face-value>1000.0</face-value>/n            <amortizable>false</amortizable>/n            <group>EXOT</group>/n            <coupon>/n                <daycount>30/360</daycount>/n                <currency>EUR</currency>/n                <reset-holidays>/n                    <calendar>EUTAR</calendar>/n                </reset-holidays>/n                <holidays>/n                    <calendar>EUTAR</calendar>/n                </holidays>/n                <payment-rule>UNADJUSTED</payment-rule>/n                <frequency>Quarterly</frequency>/n                <method>ISDA</method>/n                <date-roll>MOD_FOLLOW</date-roll>/n                <coupon-digits>7</coupon-digits>/n                <use-in-stubs>false</use-in-stubs>/n                <fixing>PRE</fixing>/n            </coupon>/n        </e-deal>/n    </body>/n</ESPMDEAL>/n/n",true,1
686711,2025-04-15 12:17:41.82,STP - SEND,"<?xml version=""1.0"" encoding=""UTF-8"" standalone=""yes""?>/n<ESPM xmlns=""http://calyon.com.eaidotc/espm"">/n    <header>/n        <operation>CREATE</operation>/n        <version-id>0</version-id>/n        <identifier>AE9205#06</identifier>/n        <type>TRANCHE</type>/n    </header>/n    <body>/n        <e-tranche>/n            <bond-type>EMTN</bond-type>/n            <counterparty>0000201294</counterparty>/n            <counterparty-code>INTERNE</counterparty-code>/n            <book>9124</book>/n            <isin-code>FR4CIBFS1769</isin-code>/n            <market-type>PRIM</market-type>/n            <sens>BuyBack</sens>/n            <settle-date>20250415</settle-date>/n            <dirty-price>100.0</dirty-price>/n            <quantity>-2.888E7</quantity>/n            <trade-amount>-2.888E7</trade-amount>/n            <settle-currency>EUR</settle-currency>/n            <trader>ut3s5k</trader>/n            <sales>Pour Portage</sales>/n            <market-place>Paris</market-place>/n            <trade-date>20250415</trade-date>/n            <trade-hour/>/n            <comment> </comment>/n            <portage>false</portage>/n            <settlement-account>Clearstream - 70496</settlement-account>/n        </e-tranche>/n    </body>/n</ESPM>/n/n",true,1
686712,2025-04-15 12:17:44.286,STP - RECEIVE,"<?xml version=""1.0"" encoding=""utf-8"" standalone=""no""?>/n<treasuryMessage feederSystem=""BLOFI"" messageType=""ACK"" targetSystem=""ESPM"">/n    <ack>/n        <mocaId>12442950</mocaId>/n        <externalTradeId>AE9205</externalTradeId>/n        <externalSystem>SPM</externalSystem>/n        <downloadKey>12442950.AE9205</downloadKey>/n        <status>PENDING</status>/n        <progressStatus>BLOFI_PROCESSING</progressStatus>/n        <product>TERMDEPOSIT</product>/n    </ack>/n</treasuryMessage>/n",true,1
686713,2025-04-15 12:17:53.286,STP - RECEIVE,"<ns0:ESPMACK xmlns:ns0=""http://calyon.com.eaidotc/espmack""><ns0:espm-id>AE9205</ns0:espm-id><ns0:espm-version>3</ns0:espm-version><ns0:id-eai>1102948562</ns0:id-eai><ns0:id-back>60243506</ns0:id-back><ns0:status>INTEGRE</ns0:status><ns0:status-code></ns0:status-code></ns0:ESPMACK>",true,1
686714,2025-04-15 12:17:53.803,STP - RECEIVE,"<ns0:ESPMACK xmlns:ns0=""http://calyon.com.eaidotc/espmack""><ns0:espm-id>AE9205#06</ns0:espm-id><ns0:espm-version>0</ns0:espm-version><ns0:id-eai>1102987500</ns0:id-eai><ns0:id-back>46036967</ns0:id-back><ns0:status>INTEGRE</ns0:status><ns0:status-code></ns0:status-code></ns0:ESPMACK>",true,1
686715,2025-04-15 12:17:58.156,STP - RECEIVE,"<ns0:ESPMACK xmlns:ns0=""http://calyon.com.eaidotc/espmack""><ns0:espm-id>AE9205</ns0:espm-id><ns0:espm-version>4</ns0:espm-version><ns0:id-eai>1102987507</ns0:id-eai><ns0:id-back>60243506</ns0:id-back><ns0:status>INTEGRE</ns0:status><ns0:status-code></ns0:status-code></ns0:ESPMACK>",true,1
686716,2025-04-15 12:51:40.686,STP - SEND,"<?xml version=""1.0"" encoding=""UTF-8"" standalone=""yes""?>/n<ESPMDEAL xmlns=""http://calyon.com.eaidotc/espmDeal"">/n    <header>/n        <operation>UPDATE</operation>/n        <version-id>14</version-id>/n        <identifier>AE8404</identifier>/n        <type>DEAL</type>/n    </header>/n    <body>/n        <e-deal>/n            <isin-code>FR4CIBFS0662</isin-code>/n            <bond-class>Bond</bond-class>/n            <bond-type>EMTN</bond-type>/n            <bond-family-type>Autocall</bond-family-type>/n            <issue-date>20250630</issue-date>/n            <dated-date>20250630</dated-date>/n            <maturity-date>20330630</maturity-date>/n            <issuer>0000248394</issuer>/n            <issuer-code>RTS</issuer-code>/n            <paying-agent>0000015295</paying-agent>/n            <paying-agent-code>RTS</paying-agent-code>/n            <issue-price>100.0</issue-price>/n            <currency>EUR</currency>/n            <redemption-price>100.0</redemption-price>/n            <redemption-currency>EUR</redemption-currency>/n            <total-issued>3.0E7</total-issued>/n            <face-value>1000.0</face-value>/n            <amortizable>false</amortizable>/n            <group>EXOT</group>/n            <coupon>/n                <daycount>30/360</daycount>/n                <currency>EUR</currency>/n                <reset-holidays>/n                    <calendar>EUTAR</calendar>/n                </reset-holidays>/n                <holidays>/n                    <calendar>EUTAR</calendar>/n                </holidays>/n                <payment-rule>UNADJUSTED</payment-rule>/n                <frequency>Sole coupon</frequency>/n                <method>ISDA</method>/n                <date-roll>MOD_FOLLOW</date-roll>/n                <coupon-digits>7</coupon-digits>/n                <use-in-stubs>false</use-in-stubs>/n                <fixing>PRE</fixing>/n            </coupon>/n        </e-deal>/n    </body>/n</ESPMDEAL>/n/n",true,1
686717,2025-04-15 12:51:41.8,STP - SEND,"<?xml version=""1.0"" encoding=""UTF-8"" standalone=""yes""?>/n<ESPM xmlns=""http://calyon.com.eaidotc/espm"">/n    <header>/n        <operation>CREATE</operation>/n        <version-id>0</version-id>/n        <identifier>AE8404#20</identifier>/n        <type>TRANCHE</type>/n    </header>/n    <body>/n        <e-tranche>/n            <bond-type>EMTN</bond-type>/n            <counterparty>0000322238</counterparty>/n            <counterparty-code>RTS</counterparty-code>/n            <book>9124</book>/n            <isin-code>FR4CIBFS0662</isin-code>/n            <market-type>PRIM</market-type>/n            <sens>other</sens>/n            <settle-date>20250630</settle-date>/n            <dirty-price>100.0</dirty-price>/n            <quantity>58000.0</quantity>/n            <trade-amount>58000.0</trade-amount>/n            <settle-currency>EUR</settle-currency>/n            <trader>ut18hy</trader>/n            <sales>LOCCHI Alexandra</sales>/n            <market-place>Paris</market-place>/n            <trade-date>20250415</trade-date>/n            <trade-hour/>/n            <comment> </comment>/n            <settlement-account>Clearstream - 17892</settlement-account>/n        </e-tranche>/n    </body>/n</ESPM>/n/n",true,1
686718,2025-04-15 12:51:42.456,STP - SEND,"<?xml version=""1.0"" encoding=""UTF-8"" standalone=""yes""?>/n<ESPM xmlns=""http://calyon.com.eaidotc/espm"">/n    <header>/n        <operation>CREATE</operation>/n        <version-id>0</version-id>/n        <identifier>AE8404#21</identifier>/n        <type>TRANCHE</type>/n    </header>/n    <body>/n        <e-tranche>/n            <bond-type>EMTN</bond-type>/n            <counterparty>0000017856</counterparty>/n            <counterparty-code>RTS</counterparty-code>/n            <book>9124</book>/n            <isin-code>FR4CIBFS0662</isin-code>/n            <market-type>PRIM</market-type>/n            <sens>other</sens>/n            <settle-date>20250630</settle-date>/n            <dirty-price>100.0</dirty-price>/n            <quantity>88000.0</quantity>/n            <trade-amount>88000.0</trade-amount>/n            <settle-currency>EUR</settle-currency>/n            <trader>ut18hy</trader>/n            <sales>LOCCHI Alexandra</sales>/n            <market-place>Paris</market-place>/n            <trade-date>20250415</trade-date>/n            <trade-hour/>/n            <comment> </comment>/n            <settlement-account>Clearstream - 11207</settlement-account>/n        </e-tranche>/n    </body>/n</ESPM>/n/n",true,1
686719,2025-04-15 12:51:42.923,STP - SEND,"<?xml version=""1.0"" encoding=""UTF-8"" standalone=""yes""?>/n<ESPM xmlns=""http://calyon.com.eaidotc/espm"">/n    <header>/n        <operation>UPDATE</operation>/n        <version-id>14</version-id>/n        <identifier>AE8404#01</identifier>/n        <type>TRANCHE</type>/n    </header>/n    <body>/n        <e-tranche>/n            <bond-type>EMTN</bond-type>/n            <counterparty>0000006446</counterparty>/n            <counterparty-code>RTS</counterparty-code>/n            <book>9124</book>/n            <isin-code>FR4CIBFS0662</isin-code>/n            <market-type>PRIM</market-type>/n            <sens>other</sens>/n            <settle-date>20250630</settle-date>/n            <dirty-price>100.0</dirty-price>/n            <quantity>1.0799E7</quantity>/n            <trade-amount>1.0799E7</trade-amount>/n            <settle-currency>EUR</settle-currency>/n            <trader>ut18hy</trader>/n            <sales>LOCCHI Alexandra</sales>/n            <market-place>Paris</market-place>/n            <trade-date>20250221</trade-date>/n            <trade-hour/>/n            <comment> </comment>/n            <settlement-account>RGV - 53</settlement-account>/n        </e-tranche>/n    </body>/n</ESPM>/n/n",true,1
686720,2025-04-15 12:51:57.89,STP - RECEIVE,"<ns0:ESPMACK xmlns:ns0=""http://calyon.com.eaidotc/espmack""><ns0:espm-id>AE8404#20</ns0:espm-id><ns0:espm-version>0</ns0:espm-version><ns0:id-eai>1102989173</ns0:id-eai><ns0:id-back>46037559</ns0:id-back><ns0:status>INTEGRE</ns0:status><ns0:status-code></ns0:status-code></ns0:ESPMACK>",true,1
686721,2025-04-15 12:51:59.05,STP - RECEIVE,"<ns0:ESPMACK xmlns:ns0=""http://calyon.com.eaidotc/espmack""><ns0:espm-id>AE8404</ns0:espm-id><ns0:espm-version>13</ns0:espm-version><ns0:id-eai>1102980910</ns0:id-eai><ns0:id-back>59690756</ns0:id-back><ns0:status>INTEGRE</ns0:status><ns0:status-code></ns0:status-code></ns0:ESPMACK>",true,1
686722,2025-04-15 12:51:59.423,STP - RECEIVE,"<ns0:ESPMACK xmlns:ns0=""http://calyon.com.eaidotc/espmack""><ns0:espm-id>AE8404</ns0:espm-id><ns0:espm-version>14</ns0:espm-version><ns0:id-eai>1102989188</ns0:id-eai><ns0:id-back>59690756</ns0:id-back><ns0:status>INTEGRE</ns0:status><ns0:status-code></ns0:status-code></ns0:ESPMACK>",true,1
686723,2025-04-15 12:52:03.996,STP - RECEIVE,"<ns0:ESPMACK xmlns:ns0=""http://calyon.com.eaidotc/espmack""><ns0:espm-id>AE8404#21</ns0:espm-id><ns0:espm-version>0</ns0:espm-version><ns0:id-eai>1102989181</ns0:id-eai><ns0:id-back>46037560</ns0:id-back><ns0:status>INTEGRE</ns0:status><ns0:status-code></ns0:status-code></ns0:ESPMACK>",true,1
686724,2025-04-15 12:52:10.693,STP - RECEIVE,"<ns0:ESPMACK xmlns:ns0=""http://calyon.com.eaidotc/espmack""><ns0:espm-id>AE8404#01</ns0:espm-id><ns0:espm-version>14</ns0:espm-version><ns0:id-eai>1102989196</ns0:id-eai><ns0:id-back>45379299</ns0:id-back><ns0:status>INTEGRE</ns0:status><ns0:status-code></ns0:status-code></ns0:ESPMACK>",true,1
686725,2025-04-15 12:56:40.426,STP - SEND,"<?xml version=""1.0"" encoding=""UTF-8"" standalone=""yes""?>/n<ESPMDEAL xmlns=""http://calyon.com.eaidotc/espmDeal"">/n    <header>/n        <operation>UPDATE</operation>/n        <version-id>40</version-id>/n        <identifier>AE7458</identifier>/n        <type>DEAL</type>/n    </header>/n    <body>/n        <e-deal>/n            <isin-code>FR3CIBFS8880</isin-code>/n            <bond-class>Bond</bond-class>/n            <bond-type>EMTN</bond-type>/n            <bond-family-type>Autocall</bond-family-type>/n            <issue-date>20250430</issue-date>/n            <dated-date>20250430</dated-date>/n            <maturity-date>20350430</maturity-date>/n            <issuer>0000248394</issuer>/n            <issuer-code>RTS</issuer-code>/n            <paying-agent>0000015295</paying-agent>/n            <paying-agent-code>RTS</paying-agent-code>/n            <issue-price>100.0</issue-price>/n            <currency>EUR</currency>/n            <redemption-price>100.0</redemption-price>/n            <redemption-currency>EUR</redemption-currency>/n            <total-issued>3.0E7</total-issued>/n            <face-value>1000.0</face-value>/n            <amortizable>false</amortizable>/n            <group>EXOT</group>/n            <coupon>/n                <daycount>30/360</daycount>/n                <currency>EUR</currency>/n                <reset-holidays>/n                    <calendar>EUTAR</calendar>/n                </reset-holidays>/n                <holidays>/n                    <calendar>EUTAR</calendar>/n                </holidays>/n                <payment-rule>UNADJUSTED</payment-rule>/n                <frequency>Quarterly</frequency>/n                <method>ISDA</method>/n                <date-roll>MOD_FOLLOW</date-roll>/n                <coupon-digits>7</coupon-digits>/n                <use-in-stubs>false</use-in-stubs>/n                <fixing>PRE</fixing>/n            </coupon>/n        </e-deal>/n    </body>/n</ESPMDEAL>/n/n",true,1
686726,2025-04-15 12:56:41.706,STP - SEND,"<?xml version=""1.0"" encoding=""UTF-8"" standalone=""yes""?>/n<ESPM xmlns=""http://calyon.com.eaidotc/espm"">/n    <header>/n        <operation>CREATE</operation>/n        <version-id>0</version-id>/n        <identifier>AE7458#53</identifier>/n        <type>TRANCHE</type>/n    </header>/n    <body>/n        <e-tranche>/n            <bond-type>EMTN</bond-type>/n            <counterparty>0000322238</counterparty>/n            <counterparty-code>RTS</counterparty-code>/n            <book>9124</book>/n            <isin-code>FR3CIBFS8880</isin-code>/n            <market-type>PRIM</market-type>/n            <sens>other</sens>/n            <settle-date>20250430</settle-date>/n            <dirty-price>100.0</dirty-price>/n            <quantity>50000.0</quantity>/n            <trade-amount>50000.0</trade-amount>/n            <settle-currency>EUR</settle-currency>/n            <trader>ut18hy</trader>/n            <sales>BLATT Matthieu</sales>/n            <market-place>Paris</market-place>/n            <trade-date>20250415</trade-date>/n            <trade-hour/>/n            <comment> </comment>/n            <settlement-account>Clearstream - 17892</settlement-account>/n        </e-tranche>/n    </body>/n</ESPM>/n/n",true,1
686727,2025-04-15 12:56:42.266,STP - SEND,"<?xml version=""1.0"" encoding=""UTF-8"" standalone=""yes""?>/n<ESPM xmlns=""http://calyon.com.eaidotc/espm"">/n    <header>/n        <operation>CREATE</operation>/n        <version-id>0</version-id>/n        <identifier>AE7458#54</identifier>/n        <type>TRANCHE</type>/n    </header>/n    <body>/n        <e-tranche>/n            <bond-type>EMTN</bond-type>/n            <counterparty>0000017856</counterparty>/n            <counterparty-code>RTS</counterparty-code>/n            <book>9124</book>/n            <isin-code>FR3CIBFS8880</isin-code>/n            <market-type>PRIM</market-type>/n            <sens>other</sens>/n            <settle-date>20250430</settle-date>/n            <dirty-price>100.0</dirty-price>/n            <quantity>31000.0</quantity>/n            <trade-amount>31000.0</trade-amount>/n            <settle-currency>EUR</settle-currency>/n            <trader>ut18hy</trader>/n            <sales>BLATT Matthieu</sales>/n            <market-place>Paris</market-place>/n            <trade-date>20250415</trade-date>/n            <trade-hour/>/n            <comment> </comment>/n            <settlement-account>Clearstream - 11207</settlement-account>/n        </e-tranche>/n    </body>/n</ESPM>/n/n",true,1
686728,2025-04-15 12:56:42.823,STP - SEND,"<?xml version=""1.0"" encoding=""UTF-8"" standalone=""yes""?>/n<ESPM xmlns=""http://calyon.com.eaidotc/espm"">/n    <header>/n        <operation>CREATE</operation>/n        <version-id>0</version-id>/n        <identifier>AE7458#52</identifier>/n        <type>TRANCHE</type>/n    </header>/n    <body>/n        <e-tranche>/n            <bond-type>EMTN</bond-type>/n            <counterparty>0000021502</counterparty>/n            <counterparty-code>RTS</counterparty-code>/n            <book>9124</book>/n            <isin-code>FR3CIBFS8880</isin-code>/n            <market-type>PRIM</market-type>/n            <sens>other</sens>/n            <settle-date>20250430</settle-date>/n            <dirty-price>100.0</dirty-price>/n            <quantity>100000.0</quantity>/n            <trade-amount>100000.0</trade-amount>/n            <settle-currency>EUR</settle-currency>/n            <trader>ut18hy</trader>/n            <sales>BLATT Matthieu</sales>/n            <market-place>Paris</market-place>/n            <trade-date>20250415</trade-date>/n            <trade-hour/>/n            <comment> </comment>/n            <settlement-account>Clearstream - 11665</settlement-account>/n        </e-tranche>/n    </body>/n</ESPM>/n/n",true,1
686729,2025-04-15 12:56:43.386,STP - SEND,"<?xml version=""1.0"" encoding=""UTF-8"" standalone=""yes""?>/n<ESPM xmlns=""http://calyon.com.eaidotc/espm"">/n    <header>/n        <operation>UPDATE</operation>/n        <version-id>37</version-id>/n        <identifier>AE7458#01</identifier>/n        <type>TRANCHE</type>/n    </header>/n    <body>/n        <e-tranche>/n            <bond-type>EMTN</bond-type>/n            <counterparty>0000377017</counterparty>/n            <counterparty-code>RTS</counterparty-code>/n            <book>9124</book>/n            <isin-code>FR3CIBFS8880</isin-code>/n            <market-type>PRIM</market-type>/n            <sens>other</sens>/n            <settle-date>20250430</settle-date>/n            <dirty-price>100.0</dirty-price>/n            <quantity>3088000.0</quantity>/n            <trade-amount>3088000.0</trade-amount>/n            <settle-currency>EUR</settle-currency>/n            <trader>ut18hy</trader>/n            <sales>BLATT Matthieu</sales>/n            <market-place>Paris</market-place>/n            <trade-date>20250117</trade-date>/n            <trade-hour/>/n            <comment> </comment>/n            <settlement-account/>/n        </e-tranche>/n    </body>/n</ESPM>/n/n",true,1
686730,2025-04-15 12:56:54.973,STP - RECEIVE,"<ns0:ESPMACK xmlns:ns0=""http://calyon.com.eaidotc/espmack""><ns0:espm-id>AE7458#53</ns0:espm-id><ns0:espm-version>0</ns0:espm-version><ns0:id-eai>1102989284</ns0:id-eai><ns0:id-back>46037671</ns0:id-back><ns0:status>INTEGRE</ns0:status><ns0:status-code></ns0:status-code></ns0:ESPMACK>",true,1
686731,2025-04-15 12:57:00.286,STP - RECEIVE,"<ns0:ESPMACK xmlns:ns0=""http://calyon.com.eaidotc/espmack""><ns0:espm-id>AE7458</ns0:espm-id><ns0:espm-version>39</ns0:espm-version><ns0:id-eai>1102980933</ns0:id-eai><ns0:id-back>58969265</ns0:id-back><ns0:status>INTEGRE</ns0:status><ns0:status-code></ns0:status-code></ns0:ESPMACK>",true,1
686732,2025-04-15 12:57:00.763,STP - RECEIVE,"<ns0:ESPMACK xmlns:ns0=""http://calyon.com.eaidotc/espmack""><ns0:espm-id>AE7458#54</ns0:espm-id><ns0:espm-version>0</ns0:espm-version><ns0:id-eai>1102989292</ns0:id-eai><ns0:id-back>46037675</ns0:id-back><ns0:status>INTEGRE</ns0:status><ns0:status-code></ns0:status-code></ns0:ESPMACK>",true,1
686733,2025-04-15 12:57:05.196,STP - RECEIVE,"<ns0:ESPMACK xmlns:ns0=""http://calyon.com.eaidotc/espmack""><ns0:espm-id>AE7458</ns0:espm-id><ns0:espm-version>40</ns0:espm-version><ns0:id-eai>1102989299</ns0:id-eai><ns0:id-back>58969265</ns0:id-back><ns0:status>INTEGRE</ns0:status><ns0:status-code></ns0:status-code></ns0:ESPMACK>",true,1
686734,2025-04-15 12:57:08.363,STP - RECEIVE,"<ns0:ESPMACK xmlns:ns0=""http://calyon.com.eaidotc/espmack""><ns0:espm-id>AE7458#52</ns0:espm-id><ns0:espm-version>0</ns0:espm-version><ns0:id-eai>1102989308</ns0:id-eai><ns0:id-back>46037683</ns0:id-back><ns0:status>INTEGRE</ns0:status><ns0:status-code></ns0:status-code></ns0:ESPMACK>",true,1
686735,2025-04-15 12:57:13.74,STP - RECEIVE,"<ns0:ESPMACK xmlns:ns0=""http://calyon.com.eaidotc/espmack""><ns0:espm-id>AE7458#01</ns0:espm-id><ns0:espm-version>37</ns0:espm-version><ns0:id-eai>1102989315</ns0:id-eai><ns0:id-back>44977512</ns0:id-back><ns0:status>INTEGRE</ns0:status><ns0:status-code></ns0:status-code></ns0:ESPMACK>",true,1
686736,2025-04-15 13:04:00.436,STP - SEND,"<?xml version=""1.0"" encoding=""UTF-8"" standalone=""yes""?>/n<ESPMDEAL xmlns=""http://calyon.com.eaidotc/espmDeal"">/n    <header>/n        <operation>UPDATE</operation>/n        <version-id>3</version-id>/n        <identifier>AE7251</identifier>/n        <type>DEAL</type>/n    </header>/n    <body>/n        <e-deal>/n            <isin-code>FR3CIBFS8310</isin-code>/n            <bond-class>Bond</bond-class>/n            <bond-type>EMTN</bond-type>/n            <bond-family-type>Autocall</bond-family-type>/n            <issue-date>20250415</issue-date>/n            <dated-date>20250415</dated-date>/n            <maturity-date>20350416</maturity-date>/n            <issuer>0000248394</issuer>/n            <issuer-code>RTS</issuer-code>/n            <paying-agent>0000015295</paying-agent>/n            <paying-agent-code>RTS</paying-agent-code>/n            <issue-price>100.0</issue-price>/n            <currency>EUR</currency>/n            <redemption-price>100.0</redemption-price>/n            <redemption-currency>EUR</redemption-currency>/n            <total-issued>3.0E7</total-issued>/n            <face-value>1000.0</face-value>/n            <amortizable>false</amortizable>/n            <group>EXOT</group>/n            <coupon>/n                <daycount>30/360</daycount>/n                <currency>EUR</currency>/n                <reset-holidays>/n                    <calendar>EUTAR</calendar>/n                </reset-holidays>/n                <holidays>/n                    <calendar>EUTAR</calendar>/n                </holidays>/n                <payment-rule>UNADJUSTED</payment-rule>/n                <frequency>Annually</frequency>/n                <method>ISDA</method>/n                <date-roll>MOD_FOLLOW</date-roll>/n                <coupon-digits>7</coupon-digits>/n                <use-in-stubs>false</use-in-stubs>/n                <fixing>PRE</fixing>/n            </coupon>/n        </e-deal>/n    </body>/n</ESPMDEAL>/n/n",true,1
686737,2025-04-15 13:04:01.556,STP - SEND,"<?xml version=""1.0"" encoding=""UTF-8"" standalone=""yes""?>/n<ESPM xmlns=""http://calyon.com.eaidotc/espm"">/n    <header>/n        <operation>UPDATE</operation>/n        <version-id>3</version-id>/n        <identifier>AE7251#01</identifier>/n        <type>TRANCHE</type>/n    </header>/n    <body>/n        <e-tranche>/n            <bond-type>EMTN</bond-type>/n            <counterparty>0000026615</counterparty>/n            <counterparty-code>RTS</counterparty-code>/n            <book>9124</book>/n            <isin-code>FR3CIBFS8310</isin-code>/n            <market-type>PRIM</market-type>/n            <sens>other</sens>/n            <settle-date>20250415</settle-date>/n            <dirty-price>100.0</dirty-price>/n            <quantity>335000.0</quantity>/n            <trade-amount>335000.0</trade-amount>/n            <settle-currency>EUR</settle-currency>/n            <trader>ut18hy</trader>/n            <sales>BLATT Matthieu</sales>/n            <market-place>Paris</market-place>/n            <trade-date>20250110</trade-date>/n            <trade-hour/>/n            <comment> </comment>/n            <settlement-account>Clearstream - 29668</settlement-account>/n        </e-tranche>/n    </body>/n</ESPM>/n/n",true,1
686738,2025-04-15 13:04:01.976,STP - SEND,"<?xml version=""1.0"" encoding=""UTF-8"" standalone=""yes""?>/n<ESPM xmlns=""http://calyon.com.eaidotc/espm"">/n    <header>/n        <operation>CREATE</operation>/n        <version-id>0</version-id>/n        <identifier>AE7251#04</identifier>/n        <type>TRANCHE</type>/n    </header>/n    <body>/n        <e-tranche>/n            <bond-type>EMTN</bond-type>/n            <counterparty>0000026615</counterparty>/n            <counterparty-code>RTS</counterparty-code>/n            <book>9124</book>/n            <isin-code>FR3CIBFS8310</isin-code>/n            <market-type>PRIM</market-type>/n            <sens>other</sens>/n            <settle-date>20250415</settle-date>/n            <dirty-price>0.0</dirty-price>/n            <quantity>115000.0</quantity>/n            <trade-amount>0.0</trade-amount>/n            <settle-currency>EUR</settle-currency>/n            <trader>ut18hy</trader>/n            <sales>BLATT Matthieu</sales>/n            <market-place>Paris</market-place>/n            <trade-date>20250415</trade-date>/n            <trade-hour/>/n            <comment> </comment>/n            <settlement-account>Clearstream - 29668</settlement-account>/n        </e-tranche>/n    </body>/n</ESPM>/n/n",true,1
686739,2025-04-15 13:04:02.423,STP - SEND,"<?xml version=""1.0"" encoding=""UTF-8"" standalone=""yes""?>/n<ESPM xmlns=""http://calyon.com.eaidotc/espm"">/n    <header>/n        <operation>UPDATE</operation>/n        <version-id>1</version-id>/n        <identifier>AE7251#MCLSE</identifier>/n        <type>TRANCHE</type>/n    </header>/n    <body>/n        <e-tranche>/n            <bond-type>EMTN</bond-type>/n            <counterparty>0000248394</counterparty>/n            <counterparty-code>RTS</counterparty-code>/n            <book>9124</book>/n            <isin-code>FR3CIBFS8310</isin-code>/n            <market-type>PRIM</market-type>/n            <sens>BuyBack</sens>/n            <settle-date>20250415</settle-date>/n            <quantity>3.0E7</quantity>/n            <trade-amount>3.0E7</trade-amount>/n            <settle-currency>EUR</settle-currency>/n            <trader>ut3n6u</trader>/n            <sales/>/n            <market-place>Paris</market-place>/n            <trade-date>20250415</trade-date>/n            <trade-hour/>/n            <comment/>/n            <settlement-account/>/n        </e-tranche>/n    </body>/n</ESPM>/n/n",true,1
686740,2025-04-15 13:04:12.936,STP - RECEIVE,"<ns0:ESPMACK xmlns:ns0=""http://calyon.com.eaidotc/espmack""><ns0:espm-id>AE7251</ns0:espm-id><ns0:espm-version>2</ns0:espm-version><ns0:id-eai>1102977390</ns0:id-eai><ns0:id-back>58826975</ns0:id-back><ns0:status>INTEGRE</ns0:status><ns0:status-code></ns0:status-code></ns0:ESPMACK>",true,1
686741,2025-04-15 13:04:17.286,STP - RECEIVE,"<ns0:ESPMACK xmlns:ns0=""http://calyon.com.eaidotc/espmack""><ns0:espm-id>AE7251</ns0:espm-id><ns0:espm-version>3</ns0:espm-version><ns0:id-eai>1102989381</ns0:id-eai><ns0:id-back>58826975</ns0:id-back><ns0:status>INTEGRE</ns0:status><ns0:status-code></ns0:status-code></ns0:ESPMACK>",true,1
686742,2025-04-15 13:04:19.266,STP - RECEIVE,"<ns0:ESPMACK xmlns:ns0=""http://calyon.com.eaidotc/espmack""><ns0:espm-id>AE7251#01</ns0:espm-id><ns0:espm-version>3</ns0:espm-version><ns0:id-eai>1102989374</ns0:id-eai><ns0:id-back>44893261</ns0:id-back><ns0:status>INTEGRE</ns0:status><ns0:status-code></ns0:status-code></ns0:ESPMACK>",true,1
686743,2025-04-15 13:04:20.26,STP - RECEIVE,"<ns0:ESPMACK xmlns:ns0=""http://calyon.com.eaidotc/espmack""><ns0:espm-id>AE7251#04</ns0:espm-id><ns0:espm-version>0</ns0:espm-version><ns0:id-eai>1102989390</ns0:id-eai><ns0:id-back>46037786</ns0:id-back><ns0:status>INTEGRE</ns0:status><ns0:status-code></ns0:status-code></ns0:ESPMACK>",true,1
686744,2025-04-15 13:04:29.14,STP - RECEIVE,"<ns0:ESPMACK xmlns:ns0=""http://calyon.com.eaidotc/espmack""><ns0:espm-id>AE7251#MCLSE</ns0:espm-id><ns0:espm-version>1</ns0:espm-version><ns0:id-eai>1102989397</ns0:id-eai><ns0:id-back>46007319</ns0:id-back><ns0:status>INTEGRE</ns0:status><ns0:status-code></ns0:status-code></ns0:ESPMACK>",true,1
686745,2025-04-15 13:05:00.446,STP - SEND,"<?xml version=""1.0"" encoding=""UTF-8"" standalone=""yes""?>/n<ESPMDEAL xmlns=""http://calyon.com.eaidotc/espmDeal"">/n    <header>/n        <operation>UPDATE</operation>/n        <version-id>4</version-id>/n        <identifier>AE7251</identifier>/n        <type>DEAL</type>/n    </header>/n    <body>/n        <e-deal>/n            <isin-code>FR3CIBFS8310</isin-code>/n            <bond-class>Bond</bond-class>/n            <bond-type>EMTN</bond-type>/n            <bond-family-type>Autocall</bond-family-type>/n            <issue-date>20250415</issue-date>/n            <dated-date>20250415</dated-date>/n            <maturity-date>20350416</maturity-date>/n            <issuer>0000248394</issuer>/n            <issuer-code>RTS</issuer-code>/n            <paying-agent>0000015295</paying-agent>/n            <paying-agent-code>RTS</paying-agent-code>/n            <issue-price>100.0</issue-price>/n            <currency>EUR</currency>/n            <redemption-price>100.0</redemption-price>/n            <redemption-currency>EUR</redemption-currency>/n            <total-issued>3.0E7</total-issued>/n            <face-value>1000.0</face-value>/n            <amortizable>false</amortizable>/n            <group>EXOT</group>/n            <coupon>/n                <daycount>30/360</daycount>/n                <currency>EUR</currency>/n                <reset-holidays>/n                    <calendar>EUTAR</calendar>/n                </reset-holidays>/n                <holidays>/n                    <calendar>EUTAR</calendar>/n                </holidays>/n                <payment-rule>UNADJUSTED</payment-rule>/n                <frequency>Annually</frequency>/n                <method>ISDA</method>/n                <date-roll>MOD_FOLLOW</date-roll>/n                <coupon-digits>7</coupon-digits>/n                <use-in-stubs>false</use-in-stubs>/n                <fixing>PRE</fixing>/n            </coupon>/n        </e-deal>/n    </body>/n</ESPMDEAL>/n/n",true,1
686746,2025-04-15 13:05:16.703,STP - RECEIVE,"<ns0:ESPMACK xmlns:ns0=""http://calyon.com.eaidotc/espmack""><ns0:espm-id>AE7251</ns0:espm-id><ns0:espm-version>3</ns0:espm-version><ns0:id-eai>1102989381</ns0:id-eai><ns0:id-back>58826975</ns0:id-back><ns0:status>INTEGRE</ns0:status><ns0:status-code></ns0:status-code></ns0:ESPMACK>",true,1
686747,2025-04-15 13:05:17.086,STP - RECEIVE,"<ns0:ESPMACK xmlns:ns0=""http://calyon.com.eaidotc/espmack""><ns0:espm-id>AE7251</ns0:espm-id><ns0:espm-version>4</ns0:espm-version><ns0:id-eai>1102989413</ns0:id-eai><ns0:id-back>58826975</ns0:id-back><ns0:status>INTEGRE</ns0:status><ns0:status-code></ns0:status-code></ns0:ESPMACK>",true,1
686748,2025-04-15 14:15:52.53,STP - RECEIVE,"<?xml version=""1.0"" encoding=""utf-8"" standalone=""no""?>/n<treasuryMessage feederSystem=""BLOFI"" messageType=""ACK"" targetSystem=""ESPM"">/n    <ack>/n        <tradeId>8221427</tradeId>/n        <mocaId>12442950</mocaId>/n        <externalTradeId>AE9205</externalTradeId>/n        <externalSystem>SPM</externalSystem>/n        <downloadKey>12442950.AE9205</downloadKey>/n        <status>INSERTED</status>/n        <progressStatus>SIGNED</progressStatus>/n        <product>TERMDEPOSIT</product>/n    </ack>/n</treasuryMessage>/n",true,1
686749,2025-04-15 14:16:41.44,STP - SEND,"<?xml version=""1.0"" encoding=""UTF-8"" standalone=""yes""?>/n<ESPM xmlns=""http://calyon.com.eaidotc/espm"">/n    <header>/n        <operation>UPDATE</operation>/n        <version-id>4</version-id>/n        <identifier>AE7251#01</identifier>/n        <type>TRANCHE</type>/n    </header>/n    <body>/n        <e-tranche>/n            <bond-type>EMTN</bond-type>/n            <counterparty>0000026615</counterparty>/n            <counterparty-code>RTS</counterparty-code>/n            <book>9124</book>/n            <isin-code>FR3CIBFS8310</isin-code>/n            <market-type>PRIM</market-type>/n            <sens>other</sens>/n            <settle-date>20250415</settle-date>/n            <dirty-price>100.0</dirty-price>/n            <quantity>335000.0</quantity>/n            <trade-amount>335000.0</trade-amount>/n            <settle-currency>EUR</settle-currency>/n            <trader>ut3n6u</trader>/n            <sales>BLATT Matthieu</sales>/n            <market-place>Paris</market-place>/n            <trade-date>20250110</trade-date>/n            <trade-hour/>/n            <comment> </comment>/n            <settlement-account>Clearstream - 29668</settlement-account>/n        </e-tranche>/n    </body>/n</ESPM>/n/n",true,1
686750,2025-04-15 14:16:41.88,STP - SEND,"<?xml version=""1.0"" encoding=""UTF-8"" standalone=""yes""?>/n<ESPM xmlns=""http://calyon.com.eaidotc/espm"">/n    <header>/n        <operation>UPDATE</operation>/n        <version-id>1</version-id>/n        <identifier>AE7251#04</identifier>/n        <type>TRANCHE</type>/n    </header>/n    <body>/n        <e-tranche>/n            <bond-type>EMTN</bond-type>/n            <counterparty>0000026615</counterparty>/n            <counterparty-code>RTS</counterparty-code>/n            <book>9124</book>/n            <isin-code>FR3CIBFS8310</isin-code>/n            <market-type>PRIM</market-type>/n            <sens>other</sens>/n            <settle-date>20250415</settle-date>/n            <dirty-price>94.0</dirty-price>/n            <quantity>115000.0</quantity>/n            <trade-amount>108100.0</trade-amount>/n            <settle-currency>EUR</settle-currency>/n            <trader>ut3n6u</trader>/n            <sales>BLATT Matthieu</sales>/n            <market-place>Paris</market-place>/n            <trade-date>20250415</trade-date>/n            <trade-hour/>/n            <comment> </comment>/n            <settlement-account>Clearstream - 29668</settlement-account>/n        </e-tranche>/n    </body>/n</ESPM>/n/n",true,1
686751,2025-04-15 14:17:02.766,STP - RECEIVE,"<ns0:ESPMACK xmlns:ns0=""http://calyon.com.eaidotc/espmack""><ns0:espm-id>AE7251#01</ns0:espm-id><ns0:espm-version>4</ns0:espm-version><ns0:id-eai>1102990319</ns0:id-eai><ns0:id-back>44893261</ns0:id-back><ns0:status>INTEGRE</ns0:status><ns0:status-code></ns0:status-code></ns0:ESPMACK>",true,1
686752,2025-04-15 14:17:03.42,STP - RECEIVE,"<ns0:ESPMACK xmlns:ns0=""http://calyon.com.eaidotc/espmack""><ns0:espm-id>AE7251#04</ns0:espm-id><ns0:espm-version>1</ns0:espm-version><ns0:id-eai>1102990326</ns0:id-eai><ns0:id-back>46037786</ns0:id-back><ns0:status>INTEGRE</ns0:status><ns0:status-code></ns0:status-code></ns0:ESPMACK>",true,1
686753,2025-04-15 14:23:21.063,STP - SEND,"<?xml version=""1.0"" encoding=""UTF-8"" standalone=""yes""?>/n<ESPM xmlns=""http://calyon.com.eaidotc/espm"">/n    <header>/n        <operation>CANCEL</operation>/n        <version-id>1</version-id>/n        <identifier>AE9205#05</identifier>/n        <type>TRANCHE</type>/n    </header>/n    <body>/n        <e-tranche>/n            <bond-type>EMTN</bond-type>/n            <counterparty>0000000115</counterparty>/n            <counterparty-code>RTS</counterparty-code>/n            <book>9124</book>/n            <isin-code>FR4CIBFS1769</isin-code>/n            <market-type>PRIM</market-type>/n            <sens>other</sens>/n            <settle-date>20250415</settle-date>/n            <dirty-price>100.0</dirty-price>/n            <quantity>100000.0</quantity>/n            <trade-amount>100000.0</trade-amount>/n            <settle-currency>EUR</settle-currency>/n            <trader>ut18hy</trader>/n            <sales>TYROU Vincent</sales>/n            <market-place>Paris</market-place>/n            <trade-date>20250402</trade-date>/n            <trade-hour/>/n            <comment> </comment>/n            <settlement-account>Clearstream - 11207</settlement-account>/n        </e-tranche>/n    </body>/n</ESPM>/n/n",true,1
686754,2025-04-15 14:23:30.143,STP - RECEIVE,"<ns0:ESPMACK xmlns:ns0=""http://calyon.com.eaidotc/espmack""><ns0:espm-id>AE9205#05</ns0:espm-id><ns0:espm-version>1</ns0:espm-version><ns0:id-eai>1102990385</ns0:id-eai><ns0:id-back>45879174</ns0:id-back><ns0:status>INTEGRE</ns0:status><ns0:status-code></ns0:status-code></ns0:ESPMACK>",true,1
686755,2025-04-15 14:25:20.543,STP - SEND,"<?xml version=""1.0"" encoding=""UTF-8"" standalone=""yes""?>/n<ESPMDEAL xmlns=""http://calyon.com.eaidotc/espmDeal"">/n    <header>/n        <operation>UPDATE</operation>/n        <version-id>5</version-id>/n        <identifier>AE9205</identifier>/n        <type>DEAL</type>/n    </header>/n    <body>/n        <e-deal>/n            <isin-code>FR4CIBFS1769</isin-code>/n            <bond-class>Bond</bond-class>/n            <bond-type>EMTN</bond-type>/n            <bond-family-type>Autocall</bond-family-type>/n            <issue-date>20250415</issue-date>/n            <dated-date>20250415</dated-date>/n            <maturity-date>20350416</maturity-date>/n            <issuer>0000248394</issuer>/n            <issuer-code>RTS</issuer-code>/n            <paying-agent>0000015295</paying-agent>/n            <paying-agent-code>RTS</paying-agent-code>/n            <issue-price>100.0</issue-price>/n            <currency>EUR</currency>/n            <redemption-price>100.0</redemption-price>/n            <redemption-currency>EUR</redemption-currency>/n            <total-issued>3.0E7</total-issued>/n            <face-value>1000.0</face-value>/n            <amortizable>false</amortizable>/n            <group>EXOT</group>/n            <coupon>/n                <daycount>30/360</daycount>/n                <currency>EUR</currency>/n                <reset-holidays>/n                    <calendar>EUTAR</calendar>/n                </reset-holidays>/n                <holidays>/n                    <calendar>EUTAR</calendar>/n                </holidays>/n                <payment-rule>UNADJUSTED</payment-rule>/n                <frequency>Quarterly</frequency>/n                <method>ISDA</method>/n                <date-roll>MOD_FOLLOW</date-roll>/n                <coupon-digits>7</coupon-digits>/n                <use-in-stubs>false</use-in-stubs>/n                <fixing>PRE</fixing>/n            </coupon>/n        </e-deal>/n    </body>/n</ESPMDEAL>/n/n",true,1
686756,2025-04-15 14:25:21.386,STP - SEND,"<?xml version=""1.0"" encoding=""UTF-8"" standalone=""yes""?>/n<ESPM xmlns=""http://calyon.com.eaidotc/espm"">/n    <header>/n        <operation>UPDATE</operation>/n        <version-id>1</version-id>/n        <identifier>AE9205#02</identifier>/n        <type>TRANCHE</type>/n    </header>/n    <body>/n        <e-tranche>/n            <bond-type>EMTN</bond-type>/n            <counterparty>0000000115</counterparty>/n            <counterparty-code>RTS</counterparty-code>/n            <book>9124</book>/n            <isin-code>FR4CIBFS1769</isin-code>/n            <market-type>PRIM</market-type>/n            <sens>other</sens>/n            <settle-date>20250415</settle-date>/n            <dirty-price>100.0</dirty-price>/n            <quantity>420000.0</quantity>/n            <trade-amount>420000.0</trade-amount>/n            <settle-currency>EUR</settle-currency>/n            <trader>ut18hy</trader>/n            <sales>TYROU Vincent</sales>/n            <market-place>Paris</market-place>/n            <trade-date>20250415</trade-date>/n            <trade-hour/>/n            <comment> </comment>/n            <settlement-account>Clearstream - 11207</settlement-account>/n        </e-tranche>/n    </body>/n</ESPM>/n/n",true,1
686757,2025-04-15 14:25:21.923,STP - SEND,"<?xml version=""1.0"" encoding=""UTF-8"" standalone=""yes""?>/n<ESPM xmlns=""http://calyon.com.eaidotc/espm"">/n    <header>/n        <operation>UPDATE</operation>/n        <version-id>1</version-id>/n        <identifier>AE9205#03</identifier>/n        <type>TRANCHE</type>/n    </header>/n    <body>/n        <e-tranche>/n            <bond-type>EMTN</bond-type>/n            <counterparty>0000011664</counterparty>/n            <counterparty-code>RTS</counterparty-code>/n            <book>9124</book>/n            <isin-code>FR4CIBFS1769</isin-code>/n            <market-type>PRIM</market-type>/n            <sens>other</sens>/n            <settle-date>20250415</settle-date>/n            <dirty-price>98.75</dirty-price>/n            <quantity>550000.0</quantity>/n            <trade-amount>543125.0</trade-amount>/n            <settle-currency>EUR</settle-currency>/n            <trader>ut18hy</trader>/n            <sales>TYROU Vincent</sales>/n            <market-place>Paris</market-place>/n            <trade-date>20250319</trade-date>/n            <trade-hour/>/n            <comment> </comment>/n            <settlement-account>clearstream - 50555</settlement-account>/n        </e-tranche>/n    </body>/n</ESPM>/n/n",true,1
686758,2025-04-15 14:25:32.23,STP - RECEIVE,"<ns0:ESPMACK xmlns:ns0=""http://calyon.com.eaidotc/espmack""><ns0:espm-id>AE9205</ns0:espm-id><ns0:espm-version>4</ns0:espm-version><ns0:id-eai>1102987507</ns0:id-eai><ns0:id-back>60243506</ns0:id-back><ns0:status>INTEGRE</ns0:status><ns0:status-code></ns0:status-code></ns0:ESPMACK>",true,1
686759,2025-04-15 14:25:35.343,STP - RECEIVE,"<ns0:ESPMACK xmlns:ns0=""http://calyon.com.eaidotc/espmack""><ns0:espm-id>AE9205#02</ns0:espm-id><ns0:espm-version>1</ns0:espm-version><ns0:id-eai>1102990605</ns0:id-eai><ns0:id-back>45706136</ns0:id-back><ns0:status>INTEGRE</ns0:status><ns0:status-code></ns0:status-code></ns0:ESPMACK>",true,1
686760,2025-04-15 14:25:38.363,STP - RECEIVE,"<ns0:ESPMACK xmlns:ns0=""http://calyon.com.eaidotc/espmack""><ns0:espm-id>AE9205</ns0:espm-id><ns0:espm-version>5</ns0:espm-version><ns0:id-eai>1102990634</ns0:id-eai><ns0:id-back>60243506</ns0:id-back><ns0:status>INTEGRE</ns0:status><ns0:status-code></ns0:status-code></ns0:ESPMACK>",true,1
686761,2025-04-15 14:25:40.893,STP - RECEIVE,"<ns0:ESPMACK xmlns:ns0=""http://calyon.com.eaidotc/espmack""><ns0:espm-id>AE9205#03</ns0:espm-id><ns0:espm-version>1</ns0:espm-version><ns0:id-eai>1102990627</ns0:id-eai><ns0:id-back>45706140</ns0:id-back><ns0:status>INTEGRE</ns0:status><ns0:status-code></ns0:status-code></ns0:ESPMACK>",true,1
686762,2025-04-15 14:31:20.51,STP - SEND,"<?xml version=""1.0"" encoding=""UTF-8"" standalone=""yes""?>/n<ESPMDEAL xmlns=""http://calyon.com.eaidotc/espmDeal"">/n    <header>/n        <operation>UPDATE</operation>/n        <version-id>31</version-id>/n        <identifier>AE6911</identifier>/n        <type>DEAL</type>/n    </header>/n    <body>/n        <e-deal>/n            <isin-code>FR3CIBFS7999</isin-code>/n            <bond-class>Bond</bond-class>/n            <bond-type>EMTN</bond-type>/n            <bond-family-type>Autocall</bond-family-type>/n            <issue-date>20250425</issue-date>/n            <dated-date>20250425</dated-date>/n            <maturity-date>20370427</maturity-date>/n            <issuer>0000248394</issuer>/n            <issuer-code>RTS</issuer-code>/n            <paying-agent>0000015295</paying-agent>/n            <paying-agent-code>RTS</paying-agent-code>/n            <issue-price>100.0</issue-price>/n            <currency>EUR</currency>/n            <redemption-price>100.0</redemption-price>/n            <redemption-currency>EUR</redemption-currency>/n            <total-issued>3.0E7</total-issued>/n            <face-value>1000.0</face-value>/n            <amortizable>false</amortizable>/n            <group>EXOT</group>/n            <coupon>/n                <daycount>30/360</daycount>/n                <currency>EUR</currency>/n                <reset-holidays>/n                    <calendar>EUTAR</calendar>/n                </reset-holidays>/n                <holidays>/n                    <calendar>EUTAR</calendar>/n                </holidays>/n                <payment-rule>UNADJUSTED</payment-rule>/n                <frequency>Annually</frequency>/n                <method>ISDA</method>/n                <date-roll>MOD_FOLLOW</date-roll>/n                <coupon-digits>7</coupon-digits>/n                <use-in-stubs>false</use-in-stubs>/n                <fixing>PRE</fixing>/n            </coupon>/n        </e-deal>/n    </body>/n</ESPMDEAL>/n/n",true,1
686763,2025-04-15 14:31:21.89,STP - SEND,"<?xml version=""1.0"" encoding=""UTF-8"" standalone=""yes""?>/n<ESPM xmlns=""http://calyon.com.eaidotc/espm"">/n    <header>/n        <operation>CREATE</operation>/n        <version-id>0</version-id>/n        <identifier>AE6911#32</identifier>/n        <type>TRANCHE</type>/n    </header>/n    <body>/n        <e-tranche>/n            <bond-type>EMTN</bond-type>/n            <counterparty>0000031694</counterparty>/n            <counterparty-code>RTS</counterparty-code>/n            <book>9124</book>/n            <isin-code>FR3CIBFS7999</isin-code>/n            <market-type>PRIM</market-type>/n            <sens>other</sens>/n            <settle-date>20250425</settle-date>/n            <dirty-price>100.0</dirty-price>/n            <quantity>106000.0</quantity>/n            <trade-amount>106000.0</trade-amount>/n            <settle-currency>EUR</settle-currency>/n            <trader>ut18hy</trader>/n            <sales>LOCCHI Alexandra</sales>/n            <market-place>Paris</market-place>/n            <trade-date>20250415</trade-date>/n            <trade-hour/>/n            <comment> </comment>/n            <settlement-account>Euroclear - 90622</settlement-account>/n        </e-tranche>/n    </body>/n</ESPM>/n/n",true,1
686764,2025-04-15 14:31:22.446,STP - SEND,"<?xml version=""1.0"" encoding=""UTF-8"" standalone=""yes""?>/n<ESPM xmlns=""http://calyon.com.eaidotc/espm"">/n    <header>/n        <operation>UPDATE</operation>/n        <version-id>31</version-id>/n        <identifier>AE6911#01</identifier>/n        <type>TRANCHE</type>/n    </header>/n    <body>/n        <e-tranche>/n            <bond-type>EMTN</bond-type>/n            <counterparty>0000115715</counterparty>/n            <counterparty-code>RTS</counterparty-code>/n            <book>9124</book>/n            <isin-code>FR3CIBFS7999</isin-code>/n            <market-type>PRIM</market-type>/n            <sens>other</sens>/n            <settle-date>20250425</settle-date>/n            <dirty-price>100.0</dirty-price>/n            <quantity>232000.0</quantity>/n            <trade-amount>232000.0</trade-amount>/n            <settle-currency>EUR</settle-currency>/n            <trader>ut18hy</trader>/n            <sales>LOCCHI Alexandra</sales>/n            <market-place>Paris</market-place>/n            <trade-date>20241220</trade-date>/n            <trade-hour/>/n            <comment>DV = Duration * 625	/nListing = 1200</comment>/n            <settlement-account>Clearstream - 70375</settlement-account>/n        </e-tranche>/n    </body>/n</ESPM>/n/n",true,1
686765,2025-04-15 14:31:35.746,STP - RECEIVE,"<ns0:ESPMACK xmlns:ns0=""http://calyon.com.eaidotc/espmack""><ns0:espm-id>AE6911</ns0:espm-id><ns0:espm-version>30</ns0:espm-version><ns0:id-eai>1102975230</ns0:id-eai><ns0:id-back>58510823</ns0:id-back><ns0:status>INTEGRE</ns0:status><ns0:status-code></ns0:status-code></ns0:ESPMACK>",true,1
686766,2025-04-15 14:31:36.473,STP - RECEIVE,"<ns0:ESPMACK xmlns:ns0=""http://calyon.com.eaidotc/espmack""><ns0:espm-id>AE6911#32</ns0:espm-id><ns0:espm-version>0</ns0:espm-version><ns0:id-eai>1102990760</ns0:id-eai><ns0:id-back>46038901</ns0:id-back><ns0:status>INTEGRE</ns0:status><ns0:status-code></ns0:status-code></ns0:ESPMACK>",true,1
686767,2025-04-15 14:31:41.673,STP - RECEIVE,"<ns0:ESPMACK xmlns:ns0=""http://calyon.com.eaidotc/espmack""><ns0:espm-id>AE6911</ns0:espm-id><ns0:espm-version>31</ns0:espm-version><ns0:id-eai>1102990767</ns0:id-eai><ns0:id-back>58510823</ns0:id-back><ns0:status>INTEGRE</ns0:status><ns0:status-code></ns0:status-code></ns0:ESPMACK>",true,1
686768,2025-04-15 14:31:47.56,STP - RECEIVE,"<ns0:ESPMACK xmlns:ns0=""http://calyon.com.eaidotc/espmack""><ns0:espm-id>AE6911#01</ns0:espm-id><ns0:espm-version>31</ns0:espm-version><ns0:id-eai>1102990775</ns0:id-eai><ns0:id-back>44728943</ns0:id-back><ns0:status>INTEGRE</ns0:status><ns0:status-code></ns0:status-code></ns0:ESPMACK>",true,1
686769,2025-04-15 14:51:40.43,STP - SEND,"<?xml version=""1.0"" encoding=""UTF-8"" standalone=""yes""?>/n<ESPMDEAL xmlns=""http://calyon.com.eaidotc/espmDeal"">/n    <header>/n        <operation>CREATE</operation>/n        <version-id>0</version-id>/n        <identifier>AE9774</identifier>/n        <type>DEAL</type>/n    </header>/n    <body>/n        <e-deal>/n            <isin-code>XS2991850798</isin-code>/n            <bond-class>Bond</bond-class>/n            <bond-type>EMTN</bond-type>/n            <bond-family-type>Range Accrual</bond-family-type>/n            <issue-date>20250428</issue-date>/n            <dated-date>20250428</dated-date>/n            <maturity-date>20300428</maturity-date>/n            <issuer>0000248394</issuer>/n            <issuer-code>RTS</issuer-code>/n            <paying-agent>0000040438</paying-agent>/n            <paying-agent-code>RTS</paying-agent-code>/n            <issue-price>100.0</issue-price>/n            <currency>USD</currency>/n            <redemption-price>100.0</redemption-price>/n            <redemption-currency>USD</redemption-currency>/n            <total-issued>3000000.0</total-issued>/n            <face-value>10000.0</face-value>/n            <amortizable>false</amortizable>/n            <group>EXOT</group>/n            <coupon>/n                <daycount>30/360</daycount>/n                <currency>USD</currency>/n                <reset-holidays>/n                    <calendar>USNYO</calendar>/n                </reset-holidays>/n                <holidays>/n                    <calendar>USNYO</calendar>/n                </holidays>/n                <payment-rule>UNADJUSTED</payment-rule>/n                <frequency>Quarterly</frequency>/n                <method>ISDA</method>/n                <date-roll>MOD_FOLLOW</date-roll>/n                <coupon-digits>7</coupon-digits>/n                <use-in-stubs>false</use-in-stubs>/n                <fixing>PRE</fixing>/n            </coupon>/n        </e-deal>/n    </body>/n</ESPMDEAL>/n/n",true,1
686770,2025-04-15 14:51:41.47,STP - SEND,"<?xml version=""1.0"" encoding=""UTF-8"" standalone=""yes""?>/n<ESPM xmlns=""http://calyon.com.eaidotc/espm"">/n    <header>/n        <operation>CREATE</operation>/n        <version-id>0</version-id>/n        <identifier>AE9774#01</identifier>/n        <type>TRANCHE</type>/n    </header>/n    <body>/n        <e-tranche>/n            <bond-type>EMTN</bond-type>/n            <counterparty>0000201294</counterparty>/n            <counterparty-code>INTERNE</counterparty-code>/n            <book>9124</book>/n            <isin-code>XS2991850798</isin-code>/n            <market-type>PRIM</market-type>/n            <sens>other</sens>/n            <settle-date>20250428</settle-date>/n            <dirty-price>100.0</dirty-price>/n            <quantity>1900000.0</quantity>/n            <trade-amount>1900000.0</trade-amount>/n            <settle-currency>USD</settle-currency>/n            <trader>ut2cj4</trader>/n            <sales>Pour Portage</sales>/n            <market-place>Paris</market-place>/n            <trade-date>20250414</trade-date>/n            <trade-hour/>/n            <comment> </comment>/n            <settlement-account>Clearstream - 70496</settlement-account>/n        </e-tranche>/n    </body>/n</ESPM>/n/n",true,1
686771,2025-04-15 14:51:41.79,STP - SEND,"<?xml version=""1.0"" encoding=""UTF-8"" standalone=""yes""?>/n<ESPM xmlns=""http://calyon.com.eaidotc/espm"">/n    <header>/n        <operation>CREATE</operation>/n        <version-id>0</version-id>/n        <identifier>AE9774#02</identifier>/n        <type>TRANCHE</type>/n    </header>/n    <body>/n        <e-tranche>/n            <bond-type>EMTN</bond-type>/n            <counterparty>0000004662</counterparty>/n            <counterparty-code>RTS</counterparty-code>/n            <book>9124</book>/n            <isin-code>XS2991850798</isin-code>/n            <market-type>PRIM</market-type>/n            <sens>other</sens>/n            <settle-date>20250428</settle-date>/n            <dirty-price>98.5</dirty-price>/n            <quantity>1100000.0</quantity>/n            <trade-amount>1083500.0</trade-amount>/n            <settle-currency>USD</settle-currency>/n            <trader>ut2cj4</trader>/n            <sales>TUFFERY  Patrice</sales>/n            <market-place>Paris</market-place>/n            <trade-date>20250414</trade-date>/n            <trade-hour/>/n            <comment> </comment>/n            <settlement-account>Clearstream - 13463</settlement-account>/n        </e-tranche>/n    </body>/n</ESPM>/n/n",true,1
686772,2025-04-15 14:51:46.083,STP - RECEIVE,"<ns0:ESPMACK xmlns:ns0=""http://calyon.com.eaidotc/espmack""><ns0:espm-id>AE9774#01</ns0:espm-id><ns0:espm-version>0</ns0:espm-version><ns0:id-eai>1102991540</ns0:id-eai><ns0:id-back></ns0:id-back><ns0:status>PROCESSING</ns0:status><ns0:status-code>[ 617 ]</ns0:status-code></ns0:ESPMACK>",true,1
686773,2025-04-15 14:51:51.653,STP - RECEIVE,"<ns0:ESPMACK xmlns:ns0=""http://calyon.com.eaidotc/espmack""><ns0:espm-id>AE9774#02</ns0:espm-id><ns0:espm-version>0</ns0:espm-version><ns0:id-eai>1102991560</ns0:id-eai><ns0:id-back></ns0:id-back><ns0:status>PROCESSING</ns0:status><ns0:status-code>[ 617 ]</ns0:status-code></ns0:ESPMACK>",true,1
686774,2025-04-15 14:52:01.49,STP - RECEIVE,"<ns0:ESPMACK xmlns:ns0=""http://calyon.com.eaidotc/espmack""><ns0:espm-id>AE9774</ns0:espm-id><ns0:espm-version>0</ns0:espm-version><ns0:id-eai>1102991568</ns0:id-eai><ns0:id-back>60799599</ns0:id-back><ns0:status>INTEGRE</ns0:status><ns0:status-code></ns0:status-code></ns0:ESPMACK>",true,1
686775,2025-04-15 14:52:16.723,STP - RECEIVE,"<ns0:ESPMACK xmlns:ns0=""http://calyon.com.eaidotc/espmack""><ns0:espm-id>AE9774#01</ns0:espm-id><ns0:espm-version>0</ns0:espm-version><ns0:id-eai>1102991577</ns0:id-eai><ns0:id-back>46039175</ns0:id-back><ns0:status>INTEGRE</ns0:status><ns0:status-code></ns0:status-code></ns0:ESPMACK>",true,1
686776,2025-04-15 14:52:23.476,STP - RECEIVE,"<ns0:ESPMACK xmlns:ns0=""http://calyon.com.eaidotc/espmack""><ns0:espm-id>AE9774#02</ns0:espm-id><ns0:espm-version>0</ns0:espm-version><ns0:id-eai>1102991587</ns0:id-eai><ns0:id-back>46039178</ns0:id-back><ns0:status>INTEGRE</ns0:status><ns0:status-code></ns0:status-code></ns0:ESPMACK>",true,1
686777,2025-04-15 14:59:40.486,STP - SEND,"<?xml version=""1.0"" encoding=""UTF-8"" standalone=""yes""?>/n<ESPMDEAL xmlns=""http://calyon.com.eaidotc/espmDeal"">/n    <header>/n        <operation>CREATE</operation>/n        <version-id>0</version-id>/n        <identifier>AE9776</identifier>/n        <type>DEAL</type>/n    </header>/n    <body>/n        <e-deal>/n            <isin-code>XS3058673065</isin-code>/n            <bond-class>Bond</bond-class>/n            <bond-type>EMTN</bond-type>/n            <bond-family-type>Vanilla</bond-family-type>/n            <issue-date>20250424</issue-date>/n            <dated-date>20250424</dated-date>/n            <maturity-date>20280424</maturity-date>/n            <issuer>0000004600</issuer>/n            <issuer-code>RTS</issuer-code>/n            <paying-agent>0000008739</paying-agent>/n            <paying-agent-code>RTS</paying-agent-code>/n            <issue-price>100.0</issue-price>/n            <currency>HKD</currency>/n            <redemption-price>100.0</redemption-price>/n            <redemption-currency>HKD</redemption-currency>/n            <total-issued>5.0E8</total-issued>/n            <face-value>1000000.0</face-value>/n            <amortizable>false</amortizable>/n            <group>EXOT</group>/n            <coupon>/n                <daycount>ACT/365</daycount>/n                <currency>HKD</currency>/n                <reset-holidays>/n                    <calendar>HKHON</calendar>/n                    <calendar>EUTAR</calendar>/n                </reset-holidays>/n                <holidays>/n                    <calendar>HKHON</calendar>/n                    <calendar>EUTAR</calendar>/n                </holidays>/n                <payment-rule>ADJUSTED</payment-rule>/n                <frequency>Annually</frequency>/n                <method>ISDA</method>/n                <date-roll>MOD_FOLLOW</date-roll>/n                <coupon-digits>7</coupon-digits>/n                <use-in-stubs>false</use-in-stubs>/n                <fixing>PRE</fixing>/n            </coupon>/n        </e-deal>/n    </body>/n</ESPMDEAL>/n/n",true,1
686778,2025-04-15 14:59:41.443,STP - SEND,"<?xml version=""1.0"" encoding=""UTF-8"" standalone=""yes""?>/n<ESPM xmlns=""http://calyon.com.eaidotc/espm"">/n    <header>/n        <operation>CREATE</operation>/n        <version-id>0</version-id>/n        <identifier>AE9776#01</identifier>/n        <type>TRANCHE</type>/n    </header>/n    <body>/n        <e-tranche>/n            <bond-type>EMTN</bond-type>/n            <counterparty>0000086094</counterparty>/n            <counterparty-code>RTS</counterparty-code>/n            <book>9124</book>/n            <isin-code>XS3058673065</isin-code>/n            <market-type>PRIM</market-type>/n            <sens>other</sens>/n            <settle-date>20250424</settle-date>/n            <dirty-price>100.0</dirty-price>/n            <quantity>4.0E8</quantity>/n            <trade-amount>4.0E8</trade-amount>/n            <settle-currency>HKD</settle-currency>/n            <trader>ut18hy</trader>/n            <sales>NG Chloe</sales>/n            <market-place>Paris</market-place>/n            <trade-date>20250415</trade-date>/n            <trade-hour/>/n            <comment> </comment>/n            <settlement-account>Clearstream - 71352</settlement-account>/n        </e-tranche>/n    </body>/n</ESPM>/n/n",true,1
686779,2025-04-15 14:59:41.723,STP - SEND,"<?xml version=""1.0"" encoding=""UTF-8"" standalone=""yes""?>/n<ESPM xmlns=""http://calyon.com.eaidotc/espm"">/n    <header>/n        <operation>CREATE</operation>/n        <version-id>0</version-id>/n        <identifier>AE9776#02</identifier>/n        <type>TRANCHE</type>/n    </header>/n    <body>/n        <e-tranche>/n            <bond-type>EMTN</bond-type>/n            <counterparty>0000008081</counterparty>/n            <counterparty-code>RTS</counterparty-code>/n            <book>9124</book>/n            <isin-code>XS3058673065</isin-code>/n            <market-type>PRIM</market-type>/n            <sens>other</sens>/n            <settle-date>20250424</settle-date>/n            <dirty-price>100.0</dirty-price>/n            <quantity>1.0E8</quantity>/n            <trade-amount>1.0E8</trade-amount>/n            <settle-currency>HKD</settle-currency>/n            <trader>ut18hy</trader>/n            <sales>NG Chloe</sales>/n            <market-place>Paris</market-place>/n            <trade-date>20250415</trade-date>/n            <trade-hour/>/n            <comment> </comment>/n            <settlement-account>Euroclear - 91578</settlement-account>/n        </e-tranche>/n    </body>/n</ESPM>/n/n",true,1
686780,2025-04-15 14:59:49.6,STP - RECEIVE,"<ns0:ESPMACK xmlns:ns0=""http://calyon.com.eaidotc/espmack""><ns0:espm-id>AE9776#01</ns0:espm-id><ns0:espm-version>0</ns0:espm-version><ns0:id-eai>1102991886</ns0:id-eai><ns0:id-back></ns0:id-back><ns0:status>PROCESSING</ns0:status><ns0:status-code>[ 617 ]</ns0:status-code></ns0:ESPMACK>",true,1
686781,2025-04-15 14:59:54.32,STP - RECEIVE,"<ns0:ESPMACK xmlns:ns0=""http://calyon.com.eaidotc/espmack""><ns0:espm-id>AE9776#02</ns0:espm-id><ns0:espm-version>0</ns0:espm-version><ns0:id-eai>1102991894</ns0:id-eai><ns0:id-back></ns0:id-back><ns0:status>PROCESSING</ns0:status><ns0:status-code>[ 617 ]</ns0:status-code></ns0:ESPMACK>",true,1
686782,2025-04-15 14:59:56.553,STP - RECEIVE,"<ns0:ESPMACK xmlns:ns0=""http://calyon.com.eaidotc/espmack""><ns0:espm-id>AE9776</ns0:espm-id><ns0:espm-version>0</ns0:espm-version><ns0:id-eai>1102991902</ns0:id-eai><ns0:id-back>60799801</ns0:id-back><ns0:status>INTEGRE</ns0:status><ns0:status-code></ns0:status-code></ns0:ESPMACK>",true,1
686783,2025-04-15 15:00:19.86,STP - RECEIVE,"<ns0:ESPMACK xmlns:ns0=""http://calyon.com.eaidotc/espmack""><ns0:espm-id>AE9776#01</ns0:espm-id><ns0:espm-version>0</ns0:espm-version><ns0:id-eai>1102991911</ns0:id-eai><ns0:id-back>46039294</ns0:id-back><ns0:status>INTEGRE</ns0:status><ns0:status-code></ns0:status-code></ns0:ESPMACK>",true,1
686784,2025-04-15 15:00:22.246,STP - RECEIVE,"<ns0:ESPMACK xmlns:ns0=""http://calyon.com.eaidotc/espmack""><ns0:espm-id>AE9776#02</ns0:espm-id><ns0:espm-version>0</ns0:espm-version><ns0:id-eai>1102991921</ns0:id-eai><ns0:id-back>46039297</ns0:id-back><ns0:status>INTEGRE</ns0:status><ns0:status-code></ns0:status-code></ns0:ESPMACK>",true,1
686785,2025-04-15 15:06:40.5,STP - SEND,"<?xml version=""1.0"" encoding=""UTF-8"" standalone=""yes""?>/n<ESPMDEAL xmlns=""http://calyon.com.eaidotc/espmDeal"">/n    <header>/n        <operation>CREATE</operation>/n        <version-id>0</version-id>/n        <identifier>AE9777</identifier>/n        <type>DEAL</type>/n    </header>/n    <body>/n        <e-deal>/n            <isin-code>XS2991865556</isin-code>/n            <bond-class>Bond</bond-class>/n            <bond-type>EMTN</bond-type>/n            <bond-family-type>Undetermined</bond-family-type>/n            <issue-date>20250428</issue-date>/n            <dated-date>20250428</dated-date>/n            <maturity-date>20260428</maturity-date>/n            <issuer>0000248394</issuer>/n            <issuer-code>RTS</issuer-code>/n            <paying-agent>0000040438</paying-agent>/n            <paying-agent-code>RTS</paying-agent-code>/n            <issue-price>100.0</issue-price>/n            <currency>USD</currency>/n            <redemption-price>100.0</redemption-price>/n            <redemption-currency>USD</redemption-currency>/n            <total-issued>650000.0</total-issued>/n            <face-value>1000.0</face-value>/n            <amortizable>false</amortizable>/n            <group>EXOT</group>/n            <coupon>/n                <daycount>30/360</daycount>/n                <currency>USD</currency>/n                <reset-holidays>/n                    <calendar>USNYO</calendar>/n                </reset-holidays>/n                <holidays>/n                    <calendar>USNYO</calendar>/n                </holidays>/n                <payment-rule>UNADJUSTED</payment-rule>/n                <frequency>Quarterly</frequency>/n                <method>ISDA</method>/n                <date-roll>MOD_FOLLOW</date-roll>/n                <coupon-digits>7</coupon-digits>/n                <use-in-stubs>false</use-in-stubs>/n                <fixing>PRE</fixing>/n            </coupon>/n        </e-deal>/n    </body>/n</ESPMDEAL>/n/n",true,1
686786,2025-04-15 15:06:41.416,STP - SEND,"<?xml version=""1.0"" encoding=""UTF-8"" standalone=""yes""?>/n<ESPM xmlns=""http://calyon.com.eaidotc/espm"">/n    <header>/n        <operation>CREATE</operation>/n        <version-id>0</version-id>/n        <identifier>AE9777#01</identifier>/n        <type>TRANCHE</type>/n    </header>/n    <body>/n        <e-tranche>/n            <bond-type>EMTN</bond-type>/n            <counterparty>0000024490</counterparty>/n            <counterparty-code>RTS</counterparty-code>/n            <book>9124</book>/n            <isin-code>XS2991865556</isin-code>/n            <market-type>PRIM</market-type>/n            <sens>other</sens>/n            <settle-date>20250428</settle-date>/n            <dirty-price>99.85</dirty-price>/n            <quantity>650000.0</quantity>/n            <trade-amount>649025.0</trade-amount>/n            <settle-currency>USD</settle-currency>/n            <trader>ut2cj4</trader>/n            <sales>bapstiste rouquet</sales>/n            <market-place>Paris</market-place>/n            <trade-date>20250414</trade-date>/n            <trade-hour/>/n            <comment> </comment>/n            <settlement-account>Euroclear - 98608</settlement-account>/n        </e-tranche>/n    </body>/n</ESPM>/n/n",true,1
686787,2025-04-15 15:06:53.593,STP - RECEIVE,"<ns0:ESPMACK xmlns:ns0=""http://calyon.com.eaidotc/espmack""><ns0:espm-id>AE9777#01</ns0:espm-id><ns0:espm-version>0</ns0:espm-version><ns0:id-eai>1102991931</ns0:id-eai><ns0:id-back></ns0:id-back><ns0:status>PROCESSING</ns0:status><ns0:status-code>[ 617 ]</ns0:status-code></ns0:ESPMACK>",true,1
686788,2025-04-15 15:06:59.523,STP - RECEIVE,"<ns0:ESPMACK xmlns:ns0=""http://calyon.com.eaidotc/espmack""><ns0:espm-id>AE9777</ns0:espm-id><ns0:espm-version>0</ns0:espm-version><ns0:id-eai>1102991939</ns0:id-eai><ns0:id-back>60799840</ns0:id-back><ns0:status>INTEGRE</ns0:status><ns0:status-code></ns0:status-code></ns0:ESPMACK>",true,1
686789,2025-04-15 15:07:20.423,STP - RECEIVE,"<ns0:ESPMACK xmlns:ns0=""http://calyon.com.eaidotc/espmack""><ns0:espm-id>AE9777#01</ns0:espm-id><ns0:espm-version>0</ns0:espm-version><ns0:id-eai>1102991948</ns0:id-eai><ns0:id-back>46039339</ns0:id-back><ns0:status>INTEGRE</ns0:status><ns0:status-code></ns0:status-code></ns0:ESPMACK>",true,1
686790,2025-04-15 15:20:00.58,STP - SEND,"<?xml version=""1.0"" encoding=""UTF-8"" standalone=""yes""?>/n<ESPMDEAL xmlns=""http://calyon.com.eaidotc/espmDeal"">/n    <header>/n        <operation>UPDATE</operation>/n        <version-id>3</version-id>/n        <identifier>AE8924</identifier>/n        <type>DEAL</type>/n    </header>/n    <body>/n        <e-deal>/n            <isin-code>FR4CIBFS1207</isin-code>/n            <bond-class>Bond</bond-class>/n            <bond-type>EMTN</bond-type>/n            <bond-family-type>Autocall</bond-family-type>/n            <issue-date>20250516</issue-date>/n            <dated-date>20250516</dated-date>/n            <maturity-date>20310516</maturity-date>/n            <issuer>0000248394</issuer>/n            <issuer-code>RTS</issuer-code>/n            <paying-agent>0000015295</paying-agent>/n            <paying-agent-code>RTS</paying-agent-code>/n            <issue-price>100.0</issue-price>/n            <currency>EUR</currency>/n            <redemption-price>100.0</redemption-price>/n            <redemption-currency>EUR</redemption-currency>/n            <total-issued>3.0E7</total-issued>/n            <face-value>1000.0</face-value>/n            <amortizable>false</amortizable>/n            <group>EXOT</group>/n            <coupon>/n                <daycount>30/360</daycount>/n                <currency>EUR</currency>/n                <reset-holidays>/n                    <calendar>EUTAR</calendar>/n                </reset-holidays>/n                <holidays>/n                    <calendar>EUTAR</calendar>/n                </holidays>/n                <payment-rule>UNADJUSTED</payment-rule>/n                <frequency>Annually</frequency>/n                <method>ISDA</method>/n                <date-roll>MOD_FOLLOW</date-roll>/n                <coupon-digits>7</coupon-digits>/n                <use-in-stubs>false</use-in-stubs>/n                <fixing>PRE</fixing>/n            </coupon>/n        </e-deal>/n    </body>/n</ESPMDEAL>/n/n",true,1
686791,2025-04-15 15:20:01.746,STP - SEND,"<?xml version=""1.0"" encoding=""UTF-8"" standalone=""yes""?>/n<ESPM xmlns=""http://calyon.com.eaidotc/espm"">/n    <header>/n        <operation>UPDATE</operation>/n        <version-id>3</version-id>/n        <identifier>AE8924#01</identifier>/n        <type>TRANCHE</type>/n    </header>/n    <body>/n        <e-tranche>/n            <bond-type>EMTN</bond-type>/n            <counterparty>0000070104</counterparty>/n            <counterparty-code>INTERNE</counterparty-code>/n            <book>9124</book>/n            <isin-code>FR4CIBFS1207</isin-code>/n            <market-type>PRIM</market-type>/n            <sens>other</sens>/n            <settle-date>20250516</settle-date>/n            <dirty-price>100.0</dirty-price>/n            <quantity>2.4505E7</quantity>/n            <trade-amount>2.4505E7</trade-amount>/n            <settle-currency>EUR</settle-currency>/n            <trader>ut3egy</trader>/n            <sales>Pour Portage</sales>/n            <market-place>Paris</market-place>/n            <trade-date>20250311</trade-date>/n            <trade-hour/>/n            <comment> </comment>/n            <settlement-account>Clearstream - 70496</settlement-account>/n        </e-tranche>/n    </body>/n</ESPM>/n/n",true,1
686792,2025-04-15 15:20:02.213,STP - SEND,"<?xml version=""1.0"" encoding=""UTF-8"" standalone=""yes""?>/n<ESPM xmlns=""http://calyon.com.eaidotc/espm"">/n    <header>/n        <operation>UPDATE</operation>/n        <version-id>3</version-id>/n        <identifier>AE8924#02</identifier>/n        <type>TRANCHE</type>/n    </header>/n    <body>/n        <e-tranche>/n            <bond-type>EMTN</bond-type>/n            <counterparty>0000006097</counterparty>/n            <counterparty-code>RTS</counterparty-code>/n            <book>9124</book>/n            <isin-code>FR4CIBFS1207</isin-code>/n            <market-type>PRIM</market-type>/n            <sens>other</sens>/n            <settle-date>20250516</settle-date>/n            <dirty-price>100.0</dirty-price>/n            <quantity>3900000.0</quantity>/n            <trade-amount>3900000.0</trade-amount>/n            <settle-currency>EUR</settle-currency>/n            <trader>ut3egy</trader>/n            <sales>LOCCHI Alexandra</sales>/n            <market-place>Paris</market-place>/n            <trade-date>20250311</trade-date>/n            <trade-hour/>/n            <comment> </comment>/n            <settlement-account>rgv - 053</settlement-account>/n        </e-tranche>/n    </body>/n</ESPM>/n/n",true,1
686793,2025-04-15 15:20:12.45,STP - RECEIVE,"<ns0:ESPMACK xmlns:ns0=""http://calyon.com.eaidotc/espmack""><ns0:espm-id>AE8924</ns0:espm-id><ns0:espm-version>2</ns0:espm-version><ns0:id-eai>1102976632</ns0:id-eai><ns0:id-back>60097511</ns0:id-back><ns0:status>INTEGRE</ns0:status><ns0:status-code></ns0:status-code></ns0:ESPMACK>",true,1
686794,2025-04-15 15:20:16.62,STP - RECEIVE,"<ns0:ESPMACK xmlns:ns0=""http://calyon.com.eaidotc/espmack""><ns0:espm-id>AE8924#01</ns0:espm-id><ns0:espm-version>3</ns0:espm-version><ns0:id-eai>1102992405</ns0:id-eai><ns0:id-back>45620373</ns0:id-back><ns0:status>INTEGRE</ns0:status><ns0:status-code></ns0:status-code></ns0:ESPMACK>",true,1
